Cluster,Size,Percentage,Age_mean,Age_std,AnnualIncome_k_mean,AnnualIncome_k_std,SpendingScore_mean,SpendingScore_std,Male_%,Female_%
0,36,18.0,38.861111111111114,9.847850462418625,65.08333333333333,7.860843284461099,53.138888888888886,11.21262751869587,44.44444444444444,55.55555555555556
1,48,24.0,33.5625,8.84116640518972,33.583333333333336,10.45930987783455,65.70833333333333,20.582949288633046,60.416666666666664,39.58333333333333
2,36,18.0,59.5,6.263271623406687,66.44444444444444,9.009342593566634,25.166666666666668,8.199303106275034,41.66666666666667,58.333333333333336
3,56,28.000000000000004,56.42857142857143,9.113141645412446,33.017857142857146,9.53174804425824,23.446428571428573,9.760625246100025,51.78571428571429,48.214285714285715
4,24,12.0,23.708333333333332,4.999818837297718,61.125,13.92624204124373,15.75,10.513965867400824,45.83333333333333,54.166666666666664
